EAR,MAR,LABEL
0.2757,0.0,Alert
0.2985,0.0,Alert
0.3145,0.0,Alert
0.3063,0.0,Alert
0.3147,0.0,Alert
0.3069,0.0,Alert
0.3159,0.0,Alert
0.3018,0.0,Alert
0.2825,0.0,Alert
0.2752,0.0,Alert
0.2633,0.0,Alert
0.2629,0.0,Alert
0.2663,0.0222,Alert
0.2591,0.0217,Alert
0.2629,0.0,Alert
0.2629,0.0,Alert
0.2658,0.0,Alert
0.2578,0.0,Alert
0.254,0.0,Alert
0.2551,0.0,Alert
0.2546,0.0,Alert
0.2551,0.0,Alert
0.2551,0.0,Alert
0.1363,0.0222,Alert
0.0929,0.0,Alert
0.1982,0.0217,Alert
0.2428,0.0,Alert
0.2629,0.0,Alert
0.284,0.0,Alert
0.2831,0.0,Alert
0.2785,0.0,Alert
0.295,0.0,Alert
0.2879,0.0,Alert
0.2956,0.0217,Alert
0.2875,0.0,Alert
0.2875,0.0,Alert
0.3005,0.0,Alert
0.3203,0.0,Alert
0.3337,0.0,Alert
0.3197,0.0,Alert
0.3223,0.0217,Alert
0.2982,0.0,Alert
0.3066,0.0,Alert
0.307,0.0,Alert
0.2919,0.0,Alert
0.3034,0.0,Alert
0.2795,0.0208,Alert
0.2924,0.0213,Alert
0.2924,0.0217,Alert
0.2924,0.0208,Alert
0.3047,0.0,Alert
0.3042,0.0,Alert
0.2952,0.0,Alert
0.3051,0.0,Alert
0.2985,0.0,Alert
0.298,0.02,Alert
0.2985,0.0204,Alert
0.2954,0.02,Alert
0.2952,0.0,Alert
0.3038,0.0,Alert
0.2951,0.0,Alert
0.3034,0.0189,Alert
0.3034,0.0,Alert
0.2874,0.0267,Alert
0.2954,0.0,Alert
0.2542,0.0192,Alert
0.1826,0.0277,Alert
0.0932,0.0204,Alert
0.161,0.0,Alert
0.2243,0.0,Alert
0.2583,0.0267,Alert
0.2537,0.0566,Alert
0.2619,0.037,Alert
0.2661,0.0185,Alert
0.2662,0.037,Alert
0.2591,0.0175,Alert
0.2591,0.0357,Alert
0.2836,0.0556,Alert
0.2836,0.0,Alert
0.2762,0.0,Alert
0.2744,0.0185,Alert
0.2904,0.0,Alert
0.2913,0.0,Alert
0.2789,0.0,Alert
0.3037,0.0,Alert
0.2905,0.0,Alert
0.2824,0.0,Alert
0.2949,0.0,Alert
0.2868,0.0175,Alert
0.2835,0.0,Alert
0.2918,0.0179,Alert
0.2835,0.0,Alert
0.2789,0.0,Alert
0.2785,0.0,Alert
0.2756,0.0179,Alert
0.2752,0.0,Alert
0.2861,0.0,Alert
0.2864,0.0175,Alert
0.2913,0.0,Alert
0.2871,0.0,Alert
0.2871,0.0,Alert
0.2871,0.0182,Alert
0.2792,0.0,Alert
0.2795,0.0,Alert
0.2795,0.0,Alert
0.2712,0.0189,Alert
0.2879,0.0,Alert
0.2913,0.0192,Alert
0.2945,0.0,Alert
0.2828,0.0,Alert
0.2867,0.0,Alert
0.2828,0.0,Alert
0.287,0.0294,Alert
0.2951,0.0,Alert
0.3109,0.0,Alert
0.3065,0.0,Alert
0.3199,0.0,Alert
0.2976,0.0,Alert
0.2815,0.0217,Alert
0.2778,0.0222,Alert
0.2831,0.0,Alert
0.3034,0.0,Alert
0.2905,0.0,Alert
0.2985,0.0,Alert
0.305,0.0,Alert
0.2876,0.0,Alert
0.2797,0.0,Alert
0.2877,0.0,Alert
0.2749,0.0,Alert
0.2706,0.0,Alert
0.3084,0.0,Alert
0.3242,0.0,Alert
0.3021,0.0,Alert
0.2989,0.0,Alert
0.2833,0.0,Alert
0.2636,0.0,Alert
0.2744,0.0,Alert
0.2797,0.0,Alert
0.2584,0.0,Alert
0.2634,0.0,Alert
0.2549,0.0,Alert
0.2797,0.0,Alert
0.2369,0.0,Alert
0.2427,0.0,Alert
0.2505,0.0,Alert
0.2592,0.0,Alert
0.2673,0.0,Alert
0.2635,0.0,Alert
0.2459,0.0213,Alert
0.2669,0.0,Alert
0.2381,0.0,Alert
0.2509,0.0,Alert
0.2594,0.0,Alert
0.2586,0.0,Alert
0.2593,0.0217,Alert
0.3024,0.0,Alert
0.2758,0.0,Alert
0.2513,0.0,Alert
0.2855,0.0,Alert
0.255,0.0,Alert
0.2849,0.0,Alert
0.2542,0.0,Alert
0.2725,0.0,Alert
0.2589,0.0,Alert
0.2684,0.0,Alert
0.2599,0.0222,Alert
0.2434,0.0,Alert
0.2633,0.0,Alert
0.2758,0.0,Alert
0.2636,0.0,Alert
0.2923,0.0,Alert
0.2836,0.0,Alert
0.2928,0.0,Alert
0.2827,0.0,Alert
0.2845,0.0,Alert
0.3167,0.0,Alert
0.3106,0.0,Alert
0.3006,0.0,Alert
0.2972,0.0222,Alert
0.3062,0.0217,Alert
0.3059,0.0,Alert
0.2922,0.0,Alert
0.2704,0.0222,Alert
0.2839,0.0,Alert
0.2665,0.0,Alert
0.2628,0.0,Alert
0.267,0.0,Alert
0.2811,0.0,Alert
0.2889,0.0,Alert
0.2829,0.0,Alert
0.2885,0.0222,Alert
0.2759,0.0227,Alert
0.2676,0.0,Alert
0.2757,0.0,Alert
0.267,0.0,Alert
0.2754,0.0,Alert
0.2665,0.0,Alert
0.2748,0.0,Alert
0.2805,0.0,Alert
0.2753,0.0,Alert
0.2763,0.0,Alert
0.2722,0.0,Alert
0.2722,0.0,Alert
0.2674,0.0,Alert
0.2814,0.0,Alert
0.2512,0.0,Alert
0.2674,0.0,Alert
0.2668,0.0,Alert
0.2588,0.0,Alert
0.2637,0.0,Alert
0.2597,0.0,Alert
0.2506,0.0,Alert
0.2545,0.0,Alert
0.2499,0.0,Alert
0.2585,0.0,Alert
0.2499,0.0,Alert
0.2585,0.0,Alert
0.2457,0.0,Alert
0.2671,0.0,Alert
0.2542,0.0,Alert
0.2633,0.0,Alert
0.2634,0.0227,Alert
0.2556,0.0,Alert
0.2722,0.0,Alert
0.247,0.0,Alert
0.25,0.0227,Alert
0.2587,0.0,Alert
0.2717,0.0,Alert
0.2639,0.0,Alert
0.255,0.0,Alert
0.2717,0.0,Alert
0.2631,0.0,Alert
0.2557,0.0,Alert
0.2639,0.0,Alert
0.2553,0.0,Alert
0.2416,0.0,Alert
0.2509,0.0,Alert
0.2684,0.0,Alert
0.306,0.0,Alert
0.3083,0.0222,Alert
0.3107,0.0,Alert
0.3064,0.0,Alert
0.3223,0.0,Alert
0.3004,0.0222,Alert
0.3253,0.0,Alert
0.3304,0.0,Alert
0.3247,0.0,Alert
0.3086,0.0,Alert
0.3067,0.0,Alert
0.3142,0.0,Alert
0.3391,0.0,Alert
0.3277,0.0,Alert
0.3201,0.0,Alert
0.312,0.0222,Alert
0.3274,0.0,Alert
0.3196,0.0,Alert
0.3173,0.0,Alert
0.3306,0.0,Alert
0.3081,0.0,Alert
0.3095,0.0222,Alert
0.3151,0.0,Alert
0.3164,0.0,Alert
0.3081,0.0,Alert
0.3247,0.0,Alert
0.3084,0.0,Alert
0.3084,0.0,Alert
0.3223,0.0,Alert
0.3214,0.0,Alert
0.3235,0.0,Alert
0.3236,0.0,Alert
0.322,0.0,Alert
0.3164,0.0,Alert
0.3135,0.0,Alert
0.3243,0.0,Alert
0.3245,0.0,Alert
0.2846,0.0,Alert
0.2082,0.0222,Alert
0.0646,0.0222,Alert
0.0685,0.0,Alert
0.2198,0.0,Alert
0.2719,0.0,Alert
0.2874,0.0,Alert
0.314,0.0,Alert
0.3003,0.0,Alert
0.3006,0.0,Alert
0.3167,0.0,Alert
0.3161,0.0,Alert
0.3172,0.0,Alert
0.3084,0.0222,Alert
0.325,0.0222,Alert
0.3102,0.0,Alert
0.3001,0.0,Alert
0.3133,0.0,Alert
0.3114,0.0,Alert
0.3247,0.0,Alert
0.3342,0.0222,Alert
0.3261,0.0222,Alert
0.325,0.0,Alert
0.3167,0.0,Alert
0.3133,0.0,Alert
0.3118,0.0,Alert
0.3128,0.0,Alert
0.3165,0.0222,Alert
0.3028,0.0,Alert
0.3122,0.0,Alert
0.3035,0.0,Alert
0.3108,0.0,Alert
0.3058,0.0,Alert
0.3213,0.0222,Alert
0.3083,0.0,Alert
0.3167,0.0,Alert
0.3072,0.0,Alert
0.3036,0.0,Alert
0.3095,0.0,Alert
0.2997,0.0,Alert
0.2951,0.0,Alert
0.2832,0.0175,Alert
0.2874,0.0,Alert
0.2839,0.0,Alert
0.288,0.0,Alert
0.2884,0.0,Alert
0.2754,0.0161,Alert
0.2663,0.0,Alert
0.2628,0.0,Alert
0.2803,0.0,Alert
0.2462,0.0,Alert
0.2503,0.0,Alert
0.2421,0.0,Alert
0.2467,0.0,Alert
0.2473,0.0,Alert
0.2588,0.0,Alert
0.2465,0.0154,Alert
0.2513,0.0,Alert
0.2474,0.0149,Alert
0.2513,0.0151,Alert
0.2389,0.0149,Alert
0.238,0.0211,Alert
0.2345,0.0149,Alert
0.2377,0.0298,Alert
0.2377,0.0149,Alert
0.2462,0.0298,Alert
0.2375,0.0,Alert
0.2375,0.0,Alert
0.2462,0.0214,Alert
0.2457,0.0151,Alert
0.2462,0.0156,Alert
0.2457,0.0151,Alert
0.2462,0.0151,Alert
0.2395,0.0,Alert
0.2799,0.0,Alert
0.2873,0.02,Alert
0.3114,0.1489,Alert
0.3429,0.3261,Alert
0.3303,0.3643,Alert
0.339,0.4224,Alert
0.3622,0.4323,Alert
0.3606,0.4671,Alert
0.3422,0.5226,Alert
0.3664,0.6364,Alert
0.3656,0.6364,Alert
0.3723,0.7143,Alert
0.3873,0.7317,Alert
0.4039,0.7697,Alert
0.3929,0.7895,Alert
0.4254,0.8375,Alert
0.4264,0.8378,Alert
0.4276,0.7892,Alert
0.4333,0.7892,Alert
0.4189,0.7633,Alert
0.4333,0.6748,Alert
0.4343,0.5957,Alert
0.4264,0.5718,Alert
0.4591,0.5352,Alert
0.4508,0.5714,Alert
0.4327,0.5714,Alert
0.4343,0.5586,Alert
0.433,0.5455,Alert
0.4241,0.5354,Alert
0.4258,0.5957,Alert
0.4021,0.5952,Alert
0.37,0.5814,Alert
0.3627,0.5814,Alert
0.2628,0.619,Alert
0.2112,0.6193,Alert
0.1637,0.6051,Alert
0.1635,0.6051,Alert
0.1535,0.6102,Alert
0.1802,0.5719,Alert
0.1778,0.5005,Alert
0.195,0.4888,Alert
0.1995,0.4285,Alert
0.1945,0.3952,Alert
0.205,0.2955,Alert
0.2045,0.2093,Alert
0.2118,0.0222,Alert
0.2119,0.0217,Alert
0.2164,0.0208,Alert
0.2046,0.0204,Alert
0.2134,0.0204,Alert
0.1954,0.0,Alert
0.1785,0.0,Alert
0.1972,0.0185,Alert
0.1757,0.0,Alert
0.1794,0.0,Alert
0.1696,0.0179,Alert
0.1601,0.0,Alert
0.1765,0.0,Alert
0.1814,0.0,Alert
0.1781,0.0175,Alert
0.1677,0.0,Alert
0.1769,0.0,Alert
0.1771,0.0,Alert
0.1728,0.0,Alert
0.1692,0.0,Alert
0.1719,0.0,Drowsy
0.2311,0.0,Alert
0.2207,0.0,Alert
0.2204,0.0,Alert
0.22,0.0,Alert
0.2134,0.0,Alert
0.2076,0.0,Alert
0.2167,0.0,Alert
0.2205,0.0,Alert
0.2161,0.0,Alert
0.2423,0.02,Alert
0.2216,0.02,Alert
0.254,0.02,Alert
0.2285,0.02,Alert
0.2373,0.0,Alert
0.2265,0.0,Alert
0.2457,0.0,Alert
0.2644,0.0,Alert
0.2397,0.0196,Alert
0.262,0.0,Alert
0.2439,0.02,Alert
0.2601,0.0192,Alert
0.2481,0.0,Alert
0.2419,0.0,Alert
0.2362,0.0,Alert
0.1076,0.0,Alert
0.0401,0.0,Alert
0.0556,0.0,Alert
0.0593,0.0,Alert
0.0689,0.0196,Alert
0.0565,0.0,Alert
0.0591,0.0,Alert
0.0735,0.0196,Alert
0.0756,0.0,Alert
0.061,0.0,Alert
0.0575,0.0,Alert
0.0781,0.0,Alert
0.0781,0.0,Alert
0.049,0.0,Alert
0.0457,0.0,Alert
0.0449,0.0,Drowsy
0.0378,0.0,Drowsy
0.3801,0.0,Alert
0.3849,0.0222,Alert
0.3892,0.0,Alert
0.3757,0.0,Alert
0.3931,0.0227,Alert
0.3751,0.0,Alert
0.3798,0.0222,Alert
0.3747,0.0,Alert
0.349,0.0,Alert
0.3645,0.0,Alert
0.3601,0.0,Alert
0.3498,0.0222,Alert
0.365,0.0,Alert
0.3502,0.0,Alert
0.3511,0.0,Alert
0.3452,0.0,Alert
0.3412,0.0,Alert
0.3495,0.0,Alert
0.3565,0.0222,Alert
0.3446,0.0,Alert
0.3425,0.0,Alert
0.3425,0.0,Alert
0.3361,0.0222,Alert
0.3431,0.0,Alert
0.3277,0.0227,Alert
0.3169,0.0,Alert
0.1556,0.0,Alert
0.0542,0.0,Alert
0.0541,0.0222,Alert
0.2022,0.0,Alert
0.2378,0.0,Alert
0.2811,0.0,Alert
0.281,0.0,Alert
0.2976,0.0,Alert
0.2976,0.0,Alert
0.293,0.0,Alert
0.3166,0.0,Alert
0.2918,0.0,Alert
0.3083,0.0,Alert
0.3078,0.0,Alert
0.3078,0.0217,Alert
0.3173,0.0,Alert
0.3092,0.0,Alert
0.2932,0.0,Alert
0.3079,0.0217,Alert
0.28,0.0217,Alert
0.2243,0.0,Alert
0.158,0.0,Alert
0.1881,0.0,Alert
0.1483,0.0307,Alert
0.1149,0.0222,Alert
0.0704,0.0222,Alert
0.0736,0.0,Alert
0.0686,0.0,Alert
0.0326,0.0,Alert
0.0408,0.0213,Alert
0.0311,0.0,Alert
0.0244,0.0,Alert
0.0277,0.0217,Alert
0.0405,0.0,Alert
0.0395,0.0,Alert
0.0529,0.0,Alert
0.0315,0.0222,Drowsy
0.2555,0.0,Alert
0.2462,0.0,Alert
0.2713,0.0217,Alert
0.2758,0.0307,Alert
0.28,0.0307,Alert
0.2885,0.0,Alert
0.3048,0.0,Alert
0.2918,0.0,Alert
0.2913,0.0222,Alert
0.2913,0.0307,Alert
0.3087,0.0217,Alert
0.2913,0.0222,Alert
0.288,0.0,Alert
0.289,0.0,Alert
0.2996,0.0,Alert
0.2918,0.0217,Alert
0.3083,0.0222,Alert
0.3162,0.0,Alert
0.3243,0.0,Alert
0.3413,0.0,Alert
0.3586,0.0222,Alert
0.3672,0.0,Alert
0.3532,0.0952,Alert
0.3508,0.238,Alert
0.3425,0.3333,Alert
0.3359,0.3817,Alert
0.3367,0.4055,Alert
0.3529,0.4425,Alert
0.3354,0.525,Alert
0.3428,0.5789,Alert
0.3598,0.649,Alert
0.3355,0.7027,Alert
0.3459,0.6845,Alert
0.3461,0.7557,Alert
0.3373,0.7766,Alert
0.3512,0.8854,Alert
0.3229,0.8562,Alert
0.3229,0.8325,Alert
0.3145,0.8321,Alert
0.3116,0.8366,Alert
0.3104,0.8568,Alert
0.3078,0.8321,Alert
0.325,0.888,Alert
0.3083,0.8602,Alert
0.3243,0.8147,Alert
0.3084,0.8371,Alert
0.2964,0.7835,Drowsy
0.2552,0.7899,Drowsy
0.2616,0.5955,Alert
0.2633,0.6098,Alert
0.2407,0.641,Alert
0.2759,0.6152,Alert
0.2649,0.6,Alert
0.2548,0.558,Alert
0.2552,0.6498,Alert
0.2574,0.641,Alert
0.2505,0.65,Alert
0.262,0.65,Alert
0.2393,0.6585,Alert
0.2313,0.6577,Alert
0.212,0.625,Alert
0.2019,0.5951,Alert
0.2111,0.5952,Alert
0.2218,0.6341,Alert
0.2148,0.5854,Alert
0.2067,0.7077,Alert
0.2096,0.6189,Alert
0.2016,0.6923,Alert
0.2094,0.7,Alert
0.1914,0.65,Alert
0.2103,0.5455,Alert
0.2034,0.5812,Alert
0.2034,0.5908,Alert
0.1772,0.5347,Alert
0.1644,0.5476,Alert
0.1675,0.512,Alert
0.1727,0.4193,Alert
0.1548,0.3866,Alert
0.181,0.3408,Alert
0.1836,0.3408,Alert
0.1932,0.2888,Alert
0.1962,0.2834,Alert
0.1932,0.2857,Alert
0.1771,0.2449,Alert
0.1709,0.2115,Alert
0.1869,0.1933,Alert
0.1729,0.1321,Alert
0.1723,0.1569,Alert
0.1818,0.1538,Drowsy
0.2013,0.0,Alert
0.1918,0.0364,Alert
0.2147,0.0,Alert
0.2068,0.0,Alert
0.1941,0.0192,Alert
0.1906,0.0196,Alert
0.1885,0.0,Alert
0.2025,0.0,Alert
0.1968,0.0,Alert
0.1991,0.0,Alert
0.1996,0.0,Alert
0.1991,0.0,Alert
0.1991,0.0,Alert
0.2074,0.0,Alert
0.2234,0.0,Alert
0.2032,0.0,Alert
0.2166,0.0,Alert
0.1908,0.0,Alert
0.1759,0.0,Alert
0.194,0.0,Alert
0.1802,0.0,Alert
0.2121,0.0,Alert
0.1854,0.0,Alert
0.1994,0.0,Alert
0.1923,0.0,Alert
0.1779,0.0,Alert
0.1747,0.0,Alert
0.2104,0.0,Alert
0.1678,0.02,Alert
0.0435,0.0,Alert
0.0366,0.0,Alert
0.0586,0.0,Alert
0.2074,0.0208,Alert
0.3338,0.0,Alert
0.34,0.0,Alert
0.386,0.0,Alert
0.4077,0.0217,Alert
0.4027,0.0,Alert
0.4027,0.0,Alert
0.4111,0.0,Alert
0.4175,0.0,Alert
0.4116,0.0,Alert
0.4175,0.0,Alert
0.4206,0.0,Alert
0.3962,0.0,Alert
0.4358,0.0213,Alert
0.4171,0.0,Alert
0.4246,0.0,Alert
0.4107,0.0,Alert
0.4102,0.0213,Alert
0.3928,0.0,Alert
0.4014,0.0,Alert
0.3623,0.0,Alert
0.3479,0.0213,Alert
0.2633,0.0,Alert
0.2158,0.0213,Alert
0.2036,0.0,Alert
0.2032,0.0213,Alert
0.193,0.0,Alert
0.1894,0.0,Alert
0.1631,0.0,Alert
0.1883,0.0,Alert
0.2112,0.0,Alert
0.1975,0.0217,Alert
0.1859,0.0,Alert
0.1925,0.0217,Alert
0.1923,0.0213,Alert
0.1828,0.0,Alert
0.1961,0.0,Alert
0.2103,0.0,Alert
0.2095,0.0,Alert
0.132,0.0,Alert
0.0486,0.0,Alert
0.0524,0.0,Alert
0.2036,0.0,Alert
0.2069,0.0301,Alert
0.2507,0.0,Alert
0.2509,0.0,Alert
0.2799,0.0,Alert
0.2857,0.0,Alert
0.2803,0.0,Alert
0.2796,0.0,Alert
0.2889,0.0,Alert
0.3053,0.0,Alert
0.297,0.0,Alert
0.29,0.0,Alert
0.297,0.0,Alert
0.2884,0.0,Alert
0.2967,0.0,Alert
0.3053,0.0217,Alert
0.3053,0.0217,Alert
0.3053,0.0213,Alert
0.3053,0.0,Alert
0.3134,0.0213,Alert
0.3134,0.0213,Alert
0.314,0.0,Alert
0.3098,0.0,Alert
0.3134,0.0,Alert
0.3096,0.0,Alert
0.2809,0.0,Alert
0.2895,0.0,Alert
0.2884,0.0,Alert
0.3131,0.0217,Alert
0.297,0.0,Alert
0.3136,0.0,Alert
0.3136,0.0,Alert
0.3053,0.0,Alert
0.3053,0.0,Alert
0.3136,0.0,Alert
0.3057,0.0,Alert
0.2852,0.0217,Alert
0.2894,0.0217,Alert
0.2975,0.0,Alert
0.311,0.0217,Alert
0.3191,0.0,Alert
0.32,0.0213,Alert
0.3195,0.0213,Alert
0.2971,0.0,Alert
0.2799,0.0,Alert
0.2624,0.0,Alert
0.2799,0.0,Alert
0.2588,0.0,Alert
0.2713,0.0169,Alert
0.2754,0.0,Alert
0.2673,0.0,Alert
0.2744,0.0,Alert
0.2495,0.0,Alert
0.2673,0.0,Alert
0.2809,0.0,Alert
0.2723,0.0,Alert
0.2541,0.0,Alert
0.2501,0.0,Alert
0.2506,0.0,Alert
0.25,0.0,Alert
0.2677,0.0,Alert
0.2677,0.0,Alert
0.2595,0.0,Alert
0.2631,0.0,Alert
0.2584,0.0,Alert
0.2849,0.0,Alert
0.2989,0.0217,Alert
0.3083,0.0,Alert
0.3157,0.0,Alert
0.3177,0.0,Alert
0.327,0.0,Alert
0.3365,0.0301,Alert
0.334,0.0,Alert
0.3413,0.0217,Alert
0.3544,0.0213,Alert
0.335,0.0833,Alert
0.3365,0.0,Alert
0.3429,0.02,Alert
0.3217,0.2292,Alert
0.3495,0.2716,Alert
0.3508,0.2618,Alert
0.3594,0.3267,Alert
0.343,0.2737,Alert
0.345,0.238,Alert
0.3431,0.1667,Alert
0.3599,0.093,Alert
0.3599,0.0232,Alert
0.3558,0.0,Alert
0.3492,0.0233,Alert
0.3469,0.0,Alert
0.3407,0.0,Alert
0.3341,0.0,Alert
0.3304,0.0,Alert
0.3407,0.0,Alert
0.342,0.0,Alert
0.327,0.0,Alert
0.3343,0.0,Alert
0.3278,0.0,Alert
0.3467,0.0,Alert
0.3468,0.0,Alert
0.3388,0.0,Alert
0.3463,0.0204,Alert
0.3411,0.0,Alert
0.3476,0.0,Alert
0.3479,0.0,Alert
0.347,0.0,Alert
0.3483,0.0,Alert
0.3399,0.0,Alert
0.349,0.0,Alert
0.3412,0.0213,Alert
0.3462,0.0,Alert
0.336,0.0217,Alert
0.3399,0.0,Alert
0.3486,0.0,Alert
0.3486,0.0,Alert
0.3482,0.0,Alert
0.3545,0.0,Alert
0.3629,0.0,Alert
0.3545,0.0,Alert
0.365,0.0,Alert
0.3454,0.0,Alert
0.3268,0.0,Alert
0.3508,0.0,Alert
0.3406,0.0,Alert
0.3315,0.0,Alert
0.3381,0.0,Alert
0.32,0.0,Alert
0.3491,0.0217,Alert
0.3404,0.0,Alert
0.3392,0.0,Alert
0.3373,0.0,Alert
0.3486,0.0,Alert
0.3409,0.0213,Alert
0.34,0.0,Alert
0.3397,0.0,Alert
0.337,0.0,Alert
0.3313,0.0213,Alert
0.3464,0.0,Alert
0.3472,0.0,Alert
0.3457,0.0,Alert
0.3537,0.0,Alert
0.3439,0.0,Alert
0.3321,0.0,Alert
0.3469,0.0213,Alert
0.3418,0.0,Alert
0.3507,0.0,Alert
0.3408,0.0,Alert
0.349,0.0,Alert
0.349,0.0,Alert
0.3305,0.0,Alert
0.3364,0.0,Alert
0.3065,0.0,Alert
0.32,0.0,Alert
0.3178,0.0,Alert
0.3106,0.0,Alert
0.311,0.0,Alert
0.311,0.0,Alert
0.3031,0.0,Alert
0.2951,0.0,Alert
0.2871,0.0152,Alert
0.2876,0.0147,Alert
0.2872,0.0,Alert
0.2864,0.0,Alert
0.3019,0.0298,Alert
0.3016,0.0147,Alert
0.2847,0.0147,Alert
0.2855,0.0149,Alert
0.2909,0.0214,Alert
0.2829,0.0,Alert
0.2913,0.0,Alert
0.2917,0.0149,Alert
0.2883,0.0,Alert
0.2895,0.0211,Alert
0.2792,0.0151,Alert
0.2776,0.0,Alert
0.2829,0.0,Alert
0.2975,0.0,Alert
0.2977,0.0185,Alert
0.2975,0.0,Alert
0.313,0.0,Alert
0.3223,0.0,Alert
0.3223,0.0,Alert
0.3344,0.0208,Alert
0.3313,0.0208,Alert
0.3356,0.0213,Alert
0.3384,0.0,Alert
0.3384,0.0,Alert
0.3301,0.0,Alert
0.3309,0.0,Alert
0.3392,0.0,Alert
0.3368,0.0,Alert
0.3459,0.0,Alert
0.3613,0.0,Alert
0.3468,0.0,Alert
0.3364,0.2156,Alert
0.333,0.2678,Alert
0.32,0.322,Alert
0.326,0.377,Alert
0.3202,0.3871,Alert
0.3239,0.4262,Alert
0.3404,0.4429,Alert
0.3471,0.4519,Alert
0.3405,0.4677,Alert
0.3313,0.4762,Alert
0.3321,0.5002,Alert
0.3452,0.5164,Alert
0.327,0.5161,Alert
0.3317,0.5,Alert
0.3313,0.5,Alert
0.3116,0.5161,Alert
0.3121,0.5245,Alert
0.3115,0.5161,Alert
0.311,0.5246,Alert
0.3121,0.5161,Alert
0.3106,0.5248,Alert
0.3401,0.5161,Alert
0.3184,0.5322,Alert
0.327,0.5322,Alert
0.3272,0.5237,Alert
0.3251,0.5237,Alert
0.3112,0.5154,Alert
0.2982,0.5708,Alert
0.3217,0.5553,Alert
0.3137,0.5463,Alert
0.3116,0.5708,Alert
0.3137,0.6029,Alert
0.3032,0.5933,Alert
0.3006,0.5935,Alert
0.3056,0.6091,Alert
0.2993,0.6555,Alert
0.2766,0.6723,Alert
0.2653,0.73,Alert
0.2688,0.7472,Alert
0.2851,0.7925,Alert
0.286,0.7633,Alert
0.2736,0.7791,Alert
0.2895,0.8382,Alert
0.2901,0.7644,Alert
0.2773,0.84,Alert
0.2733,0.815,Alert
0.2615,0.8218,Alert
0.2881,0.8101,Alert
0.2654,0.8247,Alert
0.2705,0.84,Alert
0.2896,0.8563,Drowsy
0.2931,0.9039,Drowsy
0.3603,1.0621,Drowsy
0.2887,0.0,Alert
0.295,0.0,Alert
0.3157,0.0,Alert
0.3115,0.0213,Alert
0.299,0.0,Alert
0.3199,0.0,Alert
0.293,0.0208,Alert
0.3088,0.0208,Alert
0.298,0.0213,Alert
0.2982,0.0,Alert
0.2982,0.0,Alert
0.3028,0.0204,Alert
0.3028,0.0,Alert
0.3038,0.0,Alert
0.3034,0.0,Alert
0.3034,0.0,Alert
0.3034,0.0,Alert
0.2985,0.0,Alert
0.322,0.0937,Alert
0.3124,0.2455,Alert
0.326,0.319,Alert
0.3345,0.2897,Alert
0.3268,0.3182,Alert
0.3395,0.3189,Alert
0.3213,0.3863,Alert
0.3185,0.3863,Alert
0.3233,0.3864,Alert
0.3185,0.4767,Alert
0.3189,0.4882,Alert
0.3328,0.5237,Alert
0.3259,0.5713,Alert
0.3137,0.5993,Alert
0.3254,0.5852,Alert
0.2982,0.6413,Alert
0.2135,0.6498,Alert
0.1316,0.6498,Alert
0.2287,0.6826,Alert
0.2245,0.6582,Alert
0.2245,0.634,Alert
0.2545,0.6748,Alert
0.2843,0.6578,Alert
0.2873,0.6919,Alert
0.2674,0.6663,Alert
0.267,0.6753,Alert
0.2667,0.6344,Alert
0.2673,0.6746,Alert
0.2712,0.6498,Alert
0.2711,0.6242,Alert
0.2708,0.5713,Alert
0.2708,0.4998,Alert
0.2754,0.3488,Alert
0.2708,0.3808,Alert
0.2799,0.28,Alert
0.2873,0.2143,Alert
0.2763,0.1395,Alert
0.3175,0.0698,Alert
0.2887,0.0465,Alert
0.2712,0.0222,Alert
0.2922,0.0,Alert
0.2875,0.0,Alert
0.2712,0.0,Alert
0.2758,0.0,Alert
0.2758,0.0,Alert
0.28,0.0217,Alert
0.2758,0.0,Alert
0.2707,0.0,Alert
0.3005,0.0,Alert
0.2923,0.0,Alert
0.2837,0.0208,Alert
0.2845,0.0213,Alert
0.2878,0.0213,Alert
0.2924,0.0,Alert
0.284,0.0,Alert
0.2954,0.0,Alert
0.2957,0.0,Alert
0.2958,0.0,Alert
0.2617,0.0,Alert
0.0861,0.0,Alert
0.0523,0.0,Alert
0.0597,0.0208,Alert
0.173,0.0208,Alert
0.2246,0.0,Alert
0.2244,0.0,Alert
0.2502,0.0,Alert
0.2621,0.0,Alert
0.271,0.0,Alert
0.2838,0.0,Alert
0.3041,0.0,Alert
0.3034,0.0,Alert
0.3033,0.0,Alert
0.3047,0.0882,Alert
0.314,0.0881,Alert
0.3146,0.1174,Alert
0.315,0.079,Alert
0.2994,0.0,Alert
0.3074,0.0,Alert
0.3074,0.0,Alert
0.3215,0.0204,Alert
0.2888,0.0,Alert
0.2753,0.0,Alert
0.2793,0.0,Alert
0.2873,0.0213,Alert
0.2941,0.0652,Alert
0.3006,0.1108,Alert
0.3,0.1303,Alert
0.2745,0.0869,Alert
0.2983,0.1571,Alert
0.2871,0.1304,Alert
0.2788,0.111,Alert
0.31,0.119,Alert
0.3034,0.1818,Alert
0.2959,0.147,Alert
0.3038,0.027,Alert
0.2913,0.0,Alert
0.3038,0.0227,Alert
0.3038,0.0,Alert
0.2789,0.0217,Alert
0.278,0.0,Alert
0.2971,0.0217,Alert
0.2919,0.0222,Alert
0.3001,0.0718,Alert
0.3,0.0909,Alert
0.3034,0.1363,Alert
0.3086,0.1136,Alert
0.3038,0.1591,Alert
0.3038,0.1818,Alert
0.3093,0.1667,Alert
0.3155,0.1364,Alert
0.3085,0.0213,Alert
0.3155,0.0,Alert
0.3095,0.0,Alert
0.3184,0.0,Alert
0.3118,0.0,Alert
0.3181,0.02,Alert
0.3098,0.02,Alert
0.3134,0.0999,Alert
0.3151,0.3041,Alert
0.3238,0.3051,Alert
0.3172,0.3143,Alert
0.3333,0.2834,Alert
0.3089,0.2184,Alert
0.3179,0.159,Alert
0.3281,0.0916,Alert
0.3178,0.0673,Alert
0.3116,0.0435,Alert
0.3033,0.0435,Alert
0.3093,0.0417,Alert
0.3259,0.0652,Alert
0.317,0.0217,Alert
0.3115,0.0222,Alert
0.2954,0.0227,Alert
0.3034,0.0,Alert
0.2952,0.0329,Alert
0.2906,0.0,Alert
0.3034,0.0,Alert
0.2906,0.0227,Alert
0.2986,0.0682,Alert
0.2986,0.0714,Alert
0.2986,0.093,Alert
0.3118,0.1905,Alert
0.3034,0.2619,Alert
0.3111,0.3578,Alert
0.3019,0.4424,Alert
0.2835,0.4191,Alert
0.2674,0.4424,Alert
0.2683,0.4323,Alert
0.2517,0.4544,Alert
0.2512,0.4889,Alert
0.2552,0.5115,Alert
0.2429,0.5349,Alert
0.2297,0.5481,Alert
0.2417,0.5857,Alert
0.2411,0.5608,Alert
0.2408,0.5955,Alert
0.2288,0.5955,Alert
0.2159,0.6188,Alert
0.2338,0.6189,Alert
0.2293,0.595,Alert
0.2169,0.595,Alert
0.2378,0.548,Alert
0.2506,0.5713,Alert
0.2383,0.595,Alert
0.2463,0.5951,Alert
0.2295,0.6101,Alert
0.2424,0.5955,Alert
0.2292,0.5852,Alert
0.2372,0.5857,Alert
0.2335,0.5998,Alert
0.226,0.5998,Alert
0.2289,0.6253,Alert
0.2292,0.5998,Alert
0.2372,0.6005,Alert
0.2415,0.6314,Alert
0.2378,0.6307,Alert
0.246,0.6,Alert
0.2336,0.5897,Alert
0.2281,0.5608,Alert
0.2419,0.5852,Alert
0.2419,0.5713,Alert
0.2331,0.5608,Alert
0.2287,0.5608,Alert
0.2419,0.5748,Alert
0.2291,0.5998,Alert
0.2459,0.5613,Alert
0.2397,0.5718,Alert
0.246,0.5608,Alert
0.2485,0.5238,Alert
0.2558,0.5476,Alert
0.2552,0.5713,Alert
0.2574,0.5615,Alert
0.2462,0.5126,Alert
0.2379,0.5,Alert
0.2283,0.4882,Alert
0.228,0.5237,Alert
0.2324,0.5116,Alert
0.2287,0.547,Alert
0.2324,0.5237,Alert
0.2023,0.5237,Alert
0.2063,0.5475,Alert
0.2149,0.547,Alert
0.206,0.558,Alert
0.1967,0.5347,Alert
0.1971,0.558,Alert
0.1851,0.558,Alert
0.1939,0.5852,Alert
0.2028,0.5817,Alert
0.1974,0.619,Alert
0.1668,0.5957,Alert
0.1591,0.6316,Alert
0.1709,0.5857,Alert
0.1526,0.6102,Alert
0.1787,0.5952,Alert
0.1881,0.5957,Alert
0.1761,0.5955,Alert
0.1715,0.6003,Alert
0.1785,0.575,Alert
0.1836,0.5128,Alert
0.1932,0.4191,Alert
0.1939,0.3179,Alert
0.1839,0.2184,Alert
0.1938,0.1457,Alert
0.2149,0.0624,Alert
0.2248,0.0288,Alert
0.2371,0.0447,Alert
0.2323,0.0,Alert
0.2488,0.0,Alert
0.2494,0.0,Alert
0.2751,0.0,Alert
0.2574,0.0189,Alert
0.2464,0.0,Alert
0.251,0.0,Alert
0.2584,0.0,Alert
0.2547,0.0,Alert
0.2584,0.0182,Alert
0.2244,0.0,Alert
0.2421,0.0,Alert
0.2549,0.0,Alert
0.2804,0.0,Alert
0.2488,0.0,Alert
0.2342,0.0,Alert
0.0458,0.0,Alert
0.0503,0.0,Alert
0.1742,0.0,Alert
0.2157,0.0,Alert
0.2262,0.0,Alert
0.2432,0.0,Alert
0.2511,0.0192,Alert
0.2521,0.0,Alert
0.2517,0.0196,Alert
0.2688,0.0196,Alert
0.2683,0.0196,Alert
0.2694,0.0,Alert
0.2695,0.0196,Alert
0.2698,0.0,Alert
0.2599,0.0,Alert
0.2695,0.0,Alert
0.2601,0.0217,Alert
0.2596,0.0,Alert
0.2603,0.0217,Alert
0.2732,0.0217,Alert
0.268,0.0,Alert
0.2597,0.0,Alert
0.252,0.0,Alert
0.2725,0.0,Alert
0.2731,0.0,Alert
0.2725,0.0,Alert
0.2737,0.0,Alert
0.2852,0.0,Alert
0.2727,0.0,Alert
0.285,0.0,Alert
0.2769,0.0,Alert
0.2808,0.0,Alert
0.2857,0.0217,Alert
0.2724,0.0,Alert
0.2594,0.0,Alert
0.2646,0.0,Alert
0.2674,0.0,Alert
0.2687,0.0,Alert
0.2766,0.0,Alert
0.2775,0.0,Alert
0.2494,0.0,Alert
0.2505,0.0,Alert
0.2499,0.0307,Alert
0.2624,0.0,Alert
0.2634,0.0,Alert
0.258,0.0217,Alert
0.262,0.0217,Alert
0.2622,0.0222,Alert
0.2882,0.0,Alert
0.2707,0.0217,Alert
0.2708,0.0222,Alert
0.2708,0.0222,Alert
0.2791,0.0217,Alert
0.2662,0.0213,Alert
0.2791,0.0,Alert
0.2542,0.0,Alert
0.2624,0.0,Alert
0.2745,0.0,Alert
0.2707,0.0213,Alert
0.2668,0.0,Alert
0.2629,0.0,Alert
0.2702,0.0,Alert
0.2625,0.0217,Alert
0.2626,0.0217,Alert
0.2671,0.0217,Alert
0.2626,0.0217,Alert
0.2708,0.0217,Alert
0.2629,0.0,Alert
0.267,0.0307,Alert
0.2626,0.0,Alert
0.1852,0.0217,Alert
0.0548,0.0,Alert
0.0918,0.0,Alert
0.2074,0.0,Alert
0.2509,0.0217,Alert
0.2588,0.0217,Alert
0.2804,0.0217,Alert
0.2754,0.0217,Alert
0.2994,0.0,Alert
0.2951,0.0,Alert
0.293,0.0,Alert
0.2928,0.0,Alert
0.3009,0.0,Alert
0.3038,0.0222,Alert
0.3055,0.0,Alert
0.309,0.0,Alert
0.2871,0.0,Alert
0.3132,0.0,Alert
0.334,0.0,Alert
0.3497,0.0,Alert
0.3497,0.0,Alert
0.3673,0.0,Alert
0.3754,0.0,Alert
0.3683,0.0,Alert
0.367,0.0222,Alert
0.3901,0.0,Alert
0.3906,0.0,Alert
0.3962,0.0,Alert
0.396,0.0,Alert
0.3975,0.0,Alert
0.39,0.0217,Alert
0.3989,0.0217,Alert
0.3986,0.0217,Alert
0.3986,0.0217,Alert
0.3975,0.0,Alert
0.3923,0.0,Alert
0.3751,0.0,Alert
0.246,0.0,Alert
0.1163,0.0217,Alert
0.0841,0.0301,Alert
0.1308,0.0,Alert
0.2375,0.0307,Alert
0.2964,0.0217,Alert
0.3161,0.0301,Alert
0.3475,0.0217,Alert
0.3472,0.0213,Alert
0.3472,0.0213,Alert
0.3552,0.0217,Alert
0.3388,0.0,Alert
0.3393,0.0,Alert
0.3467,0.0,Alert
0.3475,0.0,Alert
0.3635,0.0,Alert
0.3581,0.0,Alert
0.3479,0.0,Alert
0.3502,0.0,Alert
0.3479,0.0,Alert
0.3421,0.0,Alert
0.3555,0.0,Alert
0.3555,0.0,Alert
0.3635,0.0,Alert
0.3398,0.0,Alert
0.3475,0.0222,Alert
0.3473,0.0217,Alert
0.3404,0.0,Alert
0.3552,0.0,Alert
0.3484,0.0,Alert
0.3451,0.0,Alert
0.341,0.0,Alert
0.2439,0.0,Alert
0.1209,0.0,Alert
0.2068,0.0,Alert
0.2148,0.0,Alert
0.3004,0.0,Alert
0.3148,0.0,Alert
0.3225,0.0,Alert
0.3236,0.0,Alert
0.324,0.0,Alert
0.34,0.0,Alert
0.3457,0.0217,Alert
0.3319,0.0,Alert
0.3232,0.0,Alert
0.3283,0.0,Alert
0.3316,0.0,Alert
0.3319,0.0,Alert
0.3387,0.0,Alert
0.3391,0.0,Alert
0.3528,0.0,Alert
0.3471,0.0,Alert
0.3417,0.0,Alert
0.3442,0.0,Alert
0.3392,0.0,Alert
0.3337,0.0,Alert
0.3479,0.0,Alert
0.3482,0.0,Alert
0.3442,0.0217,Alert
0.3342,0.0,Alert
0.34,0.0,Alert
0.3317,0.0,Alert
0.3305,0.0,Alert
0.2853,0.0208,Alert
0.1936,0.0,Alert
0.118,0.0213,Alert
0.1138,0.0,Alert
0.2276,0.0,Alert
0.2957,0.0,Alert
0.3172,0.0,Alert
0.3138,0.0,Alert
0.3345,0.0,Alert
0.3381,0.0208,Alert
0.3629,0.0,Alert
0.3432,0.0208,Alert
0.3469,0.0208,Alert
0.3626,0.0213,Alert
0.3554,0.0208,Alert
0.3496,0.0,Alert
0.3399,0.0208,Alert
0.3473,0.0,Alert
0.3503,0.0213,Alert
0.3649,0.0,Alert
0.356,0.0,Alert
0.356,0.0,Alert
0.351,0.0,Alert
0.3709,0.0,Alert
0.3559,0.0,Alert
0.3474,0.0,Alert
0.1788,0.0,Alert
0.0968,0.0,Alert
0.0824,0.0,Alert
0.061,0.0,Alert
0.0646,0.0,Alert
0.0522,0.0213,Alert
0.0496,0.0,Alert
0.0613,0.0,Alert
0.0549,0.0,Alert
0.0489,0.0,Alert
0.0543,0.0,Alert
0.0502,0.0,Alert
0.0524,0.0,Alert
0.0522,0.0,Alert
0.0437,0.0,Alert
0.0467,0.0,Drowsy
0.263,0.0222,Alert
0.2914,0.0,Alert
0.2711,0.0222,Alert
0.3041,0.0222,Alert
0.2906,0.0,Alert
0.2894,0.0,Alert
0.2974,0.0,Alert
0.2707,0.0217,Alert
0.2715,0.0,Alert
0.2583,0.0227,Alert
0.2751,0.0,Alert
0.2749,0.0,Alert
0.2955,0.0,Alert
0.2953,0.0,Alert
0.3118,0.0,Alert
0.3342,0.0,Alert
0.3088,0.0,Alert
0.1969,0.0227,Alert
0.1957,0.0222,Alert
0.1243,0.0301,Alert
0.0979,0.0,Alert
0.1323,0.0213,Alert
0.1104,0.0,Alert
0.126,0.0,Alert
0.125,0.0307,Alert
0.1268,0.0301,Alert
0.1732,0.0,Alert
0.1853,0.0217,Alert
0.1408,0.0232,Alert
0.0865,0.0217,Alert
0.1614,0.0,Alert
0.1428,0.0226,Alert
0.18,0.0221,Drowsy
0.2279,0.0,Alert
0.2231,0.0,Alert
0.2256,0.0,Alert
0.1981,0.0,Alert
0.1998,0.0,Alert
0.184,0.0,Alert
0.1704,0.0,Alert
0.2015,0.0,Alert
0.2377,0.0,Alert
0.2699,0.0,Alert
0.2768,0.0,Alert
0.2669,0.0,Alert
0.2346,0.0,Alert
0.2292,0.0,Alert
0.1857,0.0232,Alert
0.1629,0.0231,Alert
0.0954,0.0,Alert
0.123,0.0232,Alert
0.1591,0.0222,Alert
0.135,0.0,Alert
0.1599,0.0226,Alert
0.1867,0.0,Alert
0.2468,0.0,Alert
0.2778,0.0,Alert
0.2944,0.0227,Alert
0.31,0.0,Alert
0.2722,0.032,Alert
0.2496,0.0,Alert
0.2274,0.0,Alert
0.2191,0.0,Alert
0.2357,0.0,Alert
0.2273,0.0,Alert
0.2107,0.0,Alert
0.2398,0.0,Alert
0.2393,0.0,Alert
0.2665,0.0,Alert
0.2569,0.0,Alert
0.2407,0.0,Alert
0.2189,0.0227,Alert
0.176,0.0227,Alert
0.1885,0.0328,Alert
0.2348,0.0222,Alert
0.2831,0.0,Alert
0.316,0.0,Alert
0.3182,0.0,Alert
0.3309,0.0217,Alert
0.3218,0.0,Alert
0.3136,0.0,Alert
0.313,0.0,Alert
0.324,0.0222,Alert
0.3096,0.0222,Alert
0.3096,0.0,Alert
0.3011,0.0227,Alert
0.3141,0.0222,Alert
0.3085,0.0,Alert
0.1587,0.0,Alert
0.0678,0.0,Alert
0.0612,0.0,Alert
0.0523,0.0,Alert
0.1269,0.0222,Alert
0.1795,0.0222,Alert
0.2389,0.0,Alert
0.2466,0.0222,Alert
0.2431,0.0,Alert
0.2425,0.0,Alert
0.2466,0.0,Alert
0.2554,0.0,Alert
0.2591,0.0,Alert
0.2631,0.0,Alert
0.2676,0.0,Alert
0.2835,0.0,Alert
0.3006,0.0,Alert
0.3005,0.0,Alert
0.3002,0.0,Alert
0.2839,0.0,Alert
0.3001,0.0,Alert
0.3041,0.0,Alert
0.3123,0.0,Alert
0.3036,0.0,Alert
0.3034,0.0,Alert
0.2129,0.0321,Alert
0.0912,0.0,Alert
0.0435,0.0,Alert
0.104,0.0217,Alert
0.1999,0.0222,Alert
0.2212,0.0222,Alert
0.2467,0.0,Alert
0.2173,0.0,Alert
0.2557,0.0,Alert
0.2557,0.0,Alert
0.2592,0.0222,Alert
0.2516,0.0,Alert
0.2648,0.0222,Alert
0.2512,0.0227,Alert
0.2687,0.0222,Alert
0.2517,0.0227,Alert
0.2387,0.0,Alert
0.2379,0.0,Alert
0.2246,0.0,Alert
0.2418,0.0221,Alert
0.2245,0.0,Alert
0.1917,0.0,Alert
0.1852,0.0314,Alert
0.178,0.0314,Alert
0.1962,0.0227,Alert
0.1946,0.0,Alert
0.1884,0.0227,Alert
0.1653,0.0217,Alert
0.1975,0.0,Alert
0.1559,0.0,Alert
0.1458,0.0213,Alert
0.0972,0.0,Alert
0.0415,0.0,Alert
0.055,0.0,Alert
0.109,0.0,Alert
0.1287,0.0,Alert
0.1079,0.0217,Drowsy
0.2296,0.0,Alert
0.217,0.0,Alert
0.2241,0.0,Alert
0.2236,0.0,Alert
0.2028,0.0,Alert
0.2156,0.0222,Alert
0.2489,0.0222,Alert
0.2523,0.0222,Alert
0.2456,0.0222,Alert
0.2491,0.0,Alert
0.2439,0.0,Alert
0.2776,0.0,Alert
0.2858,0.0,Alert
0.2823,0.0,Alert
0.2772,0.0222,Alert
0.0345,0.0227,Alert
0.0432,0.0217,Alert
0.0828,0.0,Alert
0.2187,0.0,Alert
0.2648,0.0,Alert
0.3023,0.0,Alert
0.285,0.0217,Alert
0.3004,0.0217,Alert
0.3099,0.0,Alert
0.3086,0.0,Alert
0.3086,0.0,Alert
0.3323,0.0217,Alert
0.3341,0.0,Alert
0.3451,0.0,Alert
0.3448,0.0213,Alert
0.3604,0.0,Alert
0.379,0.0196,Alert
0.3747,0.0,Alert
0.3766,0.0,Alert
0.3743,0.0,Alert
0.3845,0.0,Alert
0.372,0.0,Alert
0.3675,0.0,Alert
0.3667,0.0,Alert
0.3908,0.0,Alert
0.3816,0.0172,Alert
0.3589,0.0,Alert
0.353,0.0,Alert
0.3329,0.0,Alert
0.3348,0.0156,Alert
0.3348,0.0,Alert
0.3298,0.0,Alert
0.3176,0.0,Alert
0.3058,0.0,Alert
0.3138,0.0,Alert
0.2983,0.0,Alert
0.2981,0.0156,Alert
0.3043,0.0,Alert
0.2915,0.0,Alert
0.2897,0.0156,Alert
0.2924,0.0,Alert
0.3034,0.0,Alert
0.2792,0.0,Alert
0.2632,0.0,Alert
0.2637,0.0,Alert
0.2804,0.0,Alert
0.2809,0.0,Alert
0.2513,0.0,Alert
0.2617,0.0,Alert
0.2751,0.0,Alert
0.2713,0.0,Alert
0.2719,0.0,Alert
0.2507,0.0,Alert
0.2463,0.0,Alert
0.2427,0.0,Alert
0.2426,0.0156,Alert
0.2484,0.0,Alert
0.2423,0.0,Alert
0.2425,0.0,Alert
0.2462,0.0159,Alert
0.2398,0.0159,Alert
0.2377,0.0159,Alert
0.238,0.0,Alert
0.2398,0.0,Alert
0.2385,0.0,Alert
0.2421,0.0,Alert
0.2341,0.0,Alert
0.2218,0.0,Alert
0.2252,0.0,Alert
0.2257,0.0,Alert
0.2296,0.0,Alert
0.2173,0.0,Alert
0.2296,0.0161,Alert
0.2252,0.0,Alert
0.2253,0.0,Alert
0.2172,0.0,Alert
0.2292,0.0,Alert
0.2426,0.0,Alert
0.2438,0.0,Alert
0.2469,0.0,Alert
0.2469,0.0172,Alert
0.1977,0.0,Alert
0.0523,0.0,Alert
0.0288,0.0,Alert
0.1101,0.0,Alert
0.2297,0.0,Alert
0.2731,0.0,Alert
0.3019,0.0238,Alert
0.3095,0.0232,Alert
0.3341,0.0465,Alert
0.3262,0.0712,Alert
0.3402,0.0227,Alert
0.3281,0.0652,Alert
0.3361,0.0849,Alert
0.3193,0.0,Alert
0.3226,0.0,Alert
0.3281,0.0,Alert
0.3116,0.0,Alert
0.3066,0.0,Alert
0.3147,0.0,Alert
0.3151,0.0,Alert
0.3202,0.0,Alert
0.3291,0.0277,Alert
0.3214,0.0,Alert
0.3291,0.0,Alert
0.3312,0.0,Alert
0.3168,0.0,Alert
0.3261,0.0,Alert
0.3177,0.0,Alert
0.3038,0.0,Alert
0.3119,0.0,Alert
0.3044,0.0182,Alert
0.3011,0.0,Alert
0.3199,0.0,Alert
0.3199,0.0,Alert
0.3116,0.0,Alert
0.3091,0.0,Alert
0.3171,0.0,Alert
0.3039,0.0178,Alert
0.3166,0.0,Alert
0.3111,0.0,Alert
0.3163,0.0169,Alert
0.3166,0.0,Alert
0.3144,0.0,Alert
0.2925,0.0,Alert
0.3086,0.0,Alert
0.3162,0.0169,Alert
0.3189,0.0167,Alert
0.3273,0.0164,Alert
0.334,0.0,Alert
0.3349,0.0,Alert
0.2928,0.0159,Alert
0.2899,0.0161,Alert
0.3131,0.0228,Alert
0.2842,0.0164,Alert
0.2923,0.0,Alert
0.3079,0.0159,Alert
0.2922,0.0,Alert
0.3163,0.0156,Alert
0.3195,0.0,Alert
0.2897,0.0,Alert
0.299,0.0,Alert
0.3234,0.0,Alert
0.3247,0.0167,Alert
0.3176,0.0175,Alert
0.3181,0.0,Alert
0.3181,0.0,Alert
0.317,0.0,Alert
0.3184,0.0,Alert
0.3166,0.0169,Alert
0.3042,0.0,Alert
0.3037,0.0,Alert
0.318,0.0167,Alert
0.3167,0.0167,Alert
0.3177,0.0,Alert
0.3166,0.0232,Alert
0.3119,0.0,Alert
0.3121,0.0,Alert
0.3124,0.0224,Alert
0.3046,0.0156,Alert
0.3119,0.0159,Alert
0.3064,0.0,Alert
0.308,0.0,Alert
0.292,0.0,Alert
0.2962,0.0,Alert
0.2782,0.0156,Alert
0.2916,0.0,Alert
0.2884,0.0,Alert
0.3199,0.0,Alert
0.2891,0.0,Alert
0.3027,0.0164,Alert
0.293,0.0,Alert
0.3027,0.0,Alert
0.2765,0.0,Alert
0.2978,0.0169,Alert
0.2886,0.0323,Alert
0.2892,0.0,Alert
0.3003,0.0,Alert
0.3131,0.0,Alert
0.2903,0.0,Alert
0.3022,0.0169,Alert
0.2828,0.0,Alert
0.2933,0.0,Alert
0.3044,0.0175,Alert
0.2908,0.0,Alert
0.3147,0.0182,Alert
0.3034,0.0185,Alert
0.3081,0.0182,Alert
0.3391,0.0272,Alert
0.3193,0.0,Alert
0.3349,0.0,Alert
0.3598,0.0208,Alert
0.3923,0.0,Alert
0.3914,0.0,Alert
0.4073,0.0,Alert
0.3916,0.0,Alert
0.4133,0.0329,Alert
0.3904,0.0,Alert
0.4152,0.0263,Alert
0.454,0.0,Alert
0.4477,0.0,Alert
0.4538,0.0312,Alert
0.4771,0.0,Alert
0.4454,0.0,Alert
0.4545,0.0302,Alert
0.4771,0.0,Alert
0.4903,0.0302,Alert
0.5013,0.0,Alert
0.4559,0.0,Alert
0.5066,0.0322,Alert
0.4782,0.0,Alert
0.4793,0.0322,Alert
0.4873,0.0312,Alert
0.4444,0.0302,Alert
0.463,0.0,Alert
0.4722,0.0294,Alert
0.488,0.0,Alert
0.4633,0.0,Alert
0.4909,0.0,Alert
0.4734,0.0302,Alert
0.4004,0.0294,Alert
0.1496,0.0,Alert
0.1149,0.0256,Alert
0.1661,0.0227,Alert
0.1787,0.0,Alert
0.2179,0.0,Alert
0.2438,0.0,Alert
0.2726,0.0,Alert
0.302,0.0,Alert
0.3028,0.0232,Alert
0.302,0.0,Alert
0.341,0.0263,Alert
0.3641,0.0277,Alert
0.3661,0.0277,Alert
0.3804,0.0,Alert
0.3713,0.0345,Alert
0.3789,0.0323,Alert
0.4078,0.0,Alert
0.3827,0.0488,Alert
0.383,0.037,Alert
0.3869,0.0357,Alert
0.3701,0.0,Alert
0.388,0.0384,Alert
0.3792,0.0345,Alert
0.3811,0.04,Alert
0.356,0.0544,Alert
0.3721,0.0566,Alert
0.3869,0.0,Alert
0.3714,0.0384,Alert
0.3819,0.0565,Alert
0.3787,0.0,Alert
0.3763,0.0564,Alert
0.3727,0.0399,Alert
0.4005,0.0416,Alert
0.3676,0.0,Alert
0.383,0.0397,Alert
0.3701,0.0431,Alert
0.3655,0.0415,Alert
0.3644,0.0585,Alert
0.3661,0.0587,Alert
0.3837,0.0,Alert
0.3733,0.0,Alert
0.3552,0.0356,Alert
0.3583,0.0312,Alert
0.3671,0.0322,Alert
0.3803,0.0,Alert
0.342,0.0,Alert
0.3651,0.0,Alert
0.3489,0.0,Alert
0.3462,0.0,Alert
0.3541,0.0,Alert
0.3622,0.0,Alert
0.3475,0.0,Alert
0.3609,0.0,Alert
0.3418,0.0,Alert
0.3311,0.0,Alert
0.3383,0.0192,Alert
0.339,0.0,Alert
0.3173,0.0,Alert
0.3337,0.0,Alert
0.311,0.0,Alert
0.3224,0.0,Alert
0.3242,0.0,Alert
0.3279,0.0,Alert
0.3196,0.0,Alert
0.3246,0.0,Alert
0.3226,0.0,Alert
0.3214,0.0,Alert
0.3191,0.0,Alert
0.3078,0.0169,Alert
0.3247,0.0,Alert
0.3154,0.0166,Alert
0.2978,0.0,Alert
0.2915,0.0,Alert
0.2949,0.0,Alert
0.2956,0.0,Alert
0.2766,0.0,Alert
0.2854,0.0,Alert
0.2906,0.0,Alert
0.2906,0.0,Alert
0.2878,0.0,Alert
0.2797,0.0151,Alert
0.2105,0.0151,Alert
0.0658,0.0,Alert
0.214,0.0,Alert
0.2647,0.0,Alert
0.2942,0.1442,Alert
0.3082,0.1503,Alert
0.3246,0.1554,Alert
0.3359,0.0888,Alert
0.3387,0.0681,Alert
0.3417,0.0667,Alert
0.2259,0.111,Alert
0.0519,0.2,Alert
0.0674,0.2222,Alert
0.103,0.2857,Alert
0.2249,0.2656,Alert
0.2244,0.2424,Alert
0.2379,0.2608,Alert
0.2462,0.2608,Alert
0.2262,0.2612,Alert
0.2262,0.257,Alert
0.2505,0.257,Alert
0.251,0.2574,Alert
0.2338,0.2675,Alert
0.2342,0.2538,Alert
0.2296,0.2571,Alert
0.2408,0.2675,Alert
0.2546,0.2534,Alert
0.2291,0.2534,Alert
0.2421,0.2677,Alert
0.2327,0.2677,Alert
0.2373,0.2752,Alert
0.2374,0.2896,Alert
0.2452,0.2897,Alert
0.238,0.2986,Alert
0.238,0.2986,Alert
0.2412,0.2967,Alert
0.2821,0.322,Alert
0.2835,0.2963,Alert
0.3038,0.2699,Alert
0.309,0.2692,Alert
0.3098,0.2885,Alert
0.3038,0.2642,Alert
0.3096,0.2599,Alert
0.2946,0.2727,Alert
0.3039,0.2909,Alert
0.2824,0.3103,Alert
0.2838,0.3446,Alert
0.287,0.3225,Alert
0.2757,0.3333,Alert
0.2757,0.3281,Alert
0.2835,0.3436,Alert
0.2753,0.3181,Alert
0.267,0.3229,Alert
0.2883,0.3332,Alert
0.2753,0.318,Alert
0.2708,0.3133,Alert
0.2763,0.294,Alert
0.2681,0.2896,Alert
0.2614,0.2856,Alert
0.2696,0.2819,Alert
0.2696,0.2856,Alert
0.2598,0.2856,Alert
0.2423,0.2498,Alert
0.2505,0.2637,Alert
0.2587,0.264,Alert
0.2587,0.2499,Alert
0.2422,0.2675,Alert
0.2422,0.2638,Alert
0.2297,0.2503,Alert
0.2256,0.2775,Alert
0.2505,0.2638,Alert
0.2504,0.2638,Alert
0.2422,0.294,Alert
0.2504,0.2901,Alert
0.2631,0.328,Alert
0.1537,0.2962,Alert
0.0244,0.2692,Alert
0.0756,0.2406,Alert
0.1545,0.2138,Alert
0.2138,0.1042,Alert
0.2468,0.0435,Alert
0.2509,0.0217,Alert
0.2803,0.0217,Alert
0.2808,0.0213,Alert
0.2972,0.1914,Alert
0.3146,0.3111,Alert
0.2824,0.3333,Alert
0.2873,0.3952,Alert
0.271,0.4222,Alert
0.2587,0.4323,Alert
0.255,0.4651,Alert
0.2427,0.4318,Alert
0.2628,0.4884,Alert
0.2754,0.5,Alert
0.2889,0.5115,Alert
0.2849,0.5854,Alert
0.3017,0.6248,Alert
0.289,0.6585,Alert
0.2799,0.6998,Alert
0.3063,0.6923,Alert
0.3032,0.7177,Alert
0.2967,0.7177,Alert
0.3008,0.675,Alert
0.2874,0.6588,Alert
0.2837,0.6588,Alert
0.3086,0.703,Alert
0.279,0.6942,Alert
0.3007,0.537,Alert
0.3003,0.4046,Alert
0.2888,0.2866,Alert
0.2155,0.238,Alert
0.0831,0.0909,Alert
0.0573,0.0682,Alert
0.1849,0.0222,Alert
0.2056,0.0,Alert
0.2275,0.0,Alert
0.2456,0.0,Alert
0.2722,0.0,Alert
0.2844,0.0,Alert
0.2992,0.0,Alert
0.2892,0.0,Alert
0.2991,0.0,Alert
0.3024,0.0,Alert
0.3025,0.0,Alert
0.2892,0.0,Alert
0.2928,0.0,Alert
0.3059,0.0,Alert
0.3096,0.0213,Alert
0.314,0.0307,Alert
0.3175,0.0,Alert
0.3175,0.0,Alert
0.2953,0.0,Alert
0.3166,0.0,Alert
0.3304,0.0,Alert
0.312,0.0222,Alert
0.3257,0.0,Alert
0.3301,0.0,Alert
0.3277,0.0222,Alert
0.3219,0.0227,Alert
0.3138,0.0,Alert
0.3091,0.0,Alert
0.3301,0.0,Alert
0.3299,0.0,Alert
0.3224,0.0,Alert
0.3168,0.0222,Alert
0.3384,0.0222,Alert
0.3261,0.0,Alert
0.3332,0.0,Alert
0.3133,0.0,Alert
0.3108,0.0,Alert
0.3141,0.0217,Alert
0.3207,0.0,Alert
0.3152,0.0,Alert
0.3137,0.0,Alert
0.3285,0.0,Alert
0.3354,0.0222,Alert
0.3278,0.0222,Alert
0.3278,0.0,Alert
0.3351,0.0,Alert
0.336,0.0,Alert
0.3473,0.0222,Alert
0.3332,0.0222,Alert
0.3479,0.0222,Alert
0.3243,0.0,Alert
0.3314,0.0,Alert
0.323,0.0222,Alert
0.3277,0.0,Alert
0.3357,0.0217,Alert
0.3277,0.0217,Alert
0.3116,0.0,Alert
0.3163,0.0,Alert
0.3168,0.0,Alert
0.3108,0.0,Alert
0.3108,0.0,Alert
0.3113,0.0,Alert
0.3108,0.0,Alert
0.3113,0.0,Alert
0.3108,0.0,Alert
0.3108,0.0,Alert
0.3113,0.0,Alert
0.3167,0.0,Alert
0.3163,0.0222,Alert
0.3113,0.0,Alert
0.3108,0.0,Alert
0.3113,0.0,Alert
0.3274,0.0,Alert
0.3278,0.0,Alert
0.3356,0.0,Alert
0.3114,0.0,Alert
0.3163,0.0,Alert
0.3114,0.0,Alert
0.3332,0.0,Alert
0.3114,0.0,Alert
0.3326,0.0,Alert
0.3329,0.0,Alert
0.1736,0.0,Alert
0.0413,0.0,Alert
0.0828,0.0,Alert
0.1826,0.0,Alert
0.2385,0.0,Alert
0.2693,0.0,Alert
0.2769,0.0,Alert
0.2926,0.0,Alert
0.2959,0.0,Alert
0.3133,0.0,Alert
0.3219,0.0,Alert
0.3053,0.0,Alert
0.3182,0.0,Alert
0.3271,0.0,Alert
0.3295,0.0,Alert
0.3323,0.0222,Alert
0.33,0.0,Alert
0.33,0.0,Alert
0.3299,0.0,Alert
0.341,0.0222,Alert
0.3388,0.0,Alert
0.3274,0.0222,Alert
0.3268,0.0222,Alert
0.3438,0.0222,Alert
0.3492,0.0222,Alert
0.3351,0.0,Alert
0.3243,0.0,Alert
0.3163,0.0,Alert
0.3301,0.0,Alert
0.3332,0.0,Alert
0.3245,0.0,Alert
0.3296,0.0,Alert
0.3306,0.0,Alert
0.3474,0.0,Alert
0.3399,0.0,Alert
0.3384,0.0,Alert
0.1307,0.0222,Alert
0.0311,0.0,Alert
0.0276,0.0,Alert
0.1617,0.0,Alert
0.2467,0.0,Alert
0.2777,0.0,Alert
0.3021,0.0,Alert
0.2965,0.0,Alert
0.3042,0.0,Alert
0.3048,0.0,Alert
0.3397,0.0,Alert
0.3399,0.0,Alert
0.3329,0.0,Alert
0.3443,0.0227,Alert
0.3406,0.0238,Alert
0.3344,0.2337,Alert
0.3369,0.3333,Alert
0.3456,0.381,Alert
0.3242,0.4767,Alert
0.344,0.5122,Alert
0.3312,0.5608,Alert
0.3499,0.6585,Alert
0.3307,0.65,Alert
0.3181,0.6923,Alert
0.3317,0.8052,Alert
0.322,0.8056,Alert
0.318,0.7892,Alert
0.3116,0.865,Alert
0.3278,0.8645,Alert
0.3271,0.8418,Alert
0.3277,0.8108,Alert
0.3121,0.8608,Alert
0.3346,0.8422,Alert
0.3032,0.892,Alert
0.3215,0.8653,Alert
0.3193,0.8685,Alert
0.317,0.8681,Alert
0.3174,0.9186,Alert
0.3179,0.8719,Drowsy
0.0676,0.9167,Drowsy
0.3116,0.7998,Drowsy
0.2854,0.0,Alert
0.3116,0.0,Alert
0.312,0.0185,Alert
0.3089,0.0185,Alert
0.2797,0.0,Alert
0.2797,0.0,Alert
0.2926,0.0182,Alert
0.3006,0.0179,Alert
0.2926,0.0182,Alert
0.2959,0.0,Alert
0.2876,0.0,Alert
0.2914,0.0,Alert
0.2834,0.0,Alert
0.2908,0.0,Alert
0.2981,0.0,Alert
0.3,0.0,Alert
0.314,0.0,Alert
0.3098,0.0,Alert
0.308,0.0,Alert
0.3098,0.0175,Alert
0.2587,0.0175,Alert
0.0348,0.0,Alert
0.0465,0.0175,Alert
0.0519,0.0175,Alert
0.1472,0.0,Alert
0.2002,0.0,Alert
0.2158,0.0,Alert
0.2301,0.0,Alert
0.2429,0.0,Alert
0.2427,0.0,Alert
0.2401,0.0,Alert
0.2341,0.0,Alert
0.2406,0.0,Alert
0.2603,0.0204,Alert
0.2657,0.0213,Alert
0.2604,0.0213,Alert
0.2577,0.0213,Alert
0.2509,0.0,Alert
0.2592,0.0,Alert
0.2431,0.0,Alert
0.2511,0.0,Alert
0.2682,0.0,Alert
0.2357,0.0,Alert
0.2377,0.0,Alert
0.2381,0.0,Alert
0.2381,0.0,Alert
0.2434,0.0,Alert
0.2586,0.0,Alert
0.2605,0.0,Alert
0.2474,0.0,Alert
0.248,0.0227,Alert
0.2517,0.0,Alert
0.2432,0.0,Alert
0.2524,0.0,Alert
0.2379,0.0,Alert
0.2516,0.0222,Alert
0.246,0.0227,Alert
0.264,0.0,Alert
0.2631,0.0,Alert
0.2522,0.0227,Alert
0.2419,0.0,Alert
0.2766,0.0,Alert
0.2591,0.0217,Alert
0.1194,0.0,Alert
0.0666,0.0,Alert
